Property_Area_Semiurban,Credit_History,CoapplicantIncome,LoanAmount,ApplicantIncome,Dependents,Income_Ratio,Loan_Amount_Term,Loan_Per_Term,Total_Income
1.0,1.0,0.21504218496583322,2.206956702912735,0.09772843680942066,0,-0.491866395003834,0.2732312961117544,0.6270804713705846,0.18986805328170417
1.0,1.0,0.43735071155571414,-0.08919364722444484,-0.4006279980413318,0,-0.49212059627591925,0.2732312961117544,-0.17052005123534825,-0.18078914651653985
1.0,1.0,0.025224904569858004,1.2645069323340419,0.13868475131063304,2,-0.49170890718693455,0.2732312961117544,0.29970712253979137,0.1426061611669615
1.0,1.0,0.5228539910133606,-0.14059999834691903,-0.5439750987955752,0,-0.492175980751565,0.2732312961117544,-0.18837677935339145,-0.2776372860959305
1.0,0.0,-0.5544873301529852,-0.6546635095716608,-0.2027270863714735,0,0.15116636577223241,0.2732312961117544,-0.3669440605338242,-0.4429764299858663
0.0,1.0,1.2465537483428806,-0.14059999834691903,2.3470492292160055,0,-0.4916995128461281,0.2732312961117544,-0.18837677935339145,2.784778365916066
1.0,1.0,0.18631308306806402,-0.1063290975986029,-0.3391935262895132,3,-0.4920405251794024,0.2732312961117544,-0.17647229394136266,-0.23641871789094185
0.0,0.0,0.10115181672824809,-0.414767204333448,-0.33395111803335803,2,-0.4920071079809984,0.2732312961117544,-0.28361266264962226,-0.2700443919529063
1.0,1.0,-0.5544873301529852,-0.4833090058300802,-0.2913565509520971,0,0.06760816931300662,0.2732312961117544,-0.30742163347368,-0.5268081796057869
0.0,1.0,-0.5544873301529852,0.8703915737284065,0.672427441890433,0,0.9762456365396709,0.2732312961117544,0.1628055403014596,0.38480398862710175
1.0,0.0,-0.06540857165524729,0.4248698640002969,-0.019406622664046805,1,-0.49170765921762727,0.2732312961117544,0.008047229945084548,-0.04799097752527934
1.0,1.0,0.0012839863217169861,0.8703915737284065,0.11820659406002686,2,-0.49169627751849404,2.1372759162519452,-0.11546180620471479,0.11238954161819163
0.0,1.0,-0.5489740784062651,-0.8431534636873994,-0.4068533578455161,0,-0.4659347408578955,0.2732312961117544,-0.43241873029998285,-0.633554973705144
0.0,1.0,0.52832620089865,0.7847143218576161,-0.27792287979569946,0,-0.4920972957453324,0.2732312961117544,0.13304432677138736,-0.023507767839609374
0.0,1.0,-0.5544873301529852,0.4077344136261389,0.13966770285866215,0,0.4739697495056555,0.2732312961117544,0.002094987239070026,-0.11911625123238385
0.0,1.0,-0.5544873301529852,-0.14059999834691903,1.9817189038651908,2,2.2106210637155166,0.2732312961117544,-0.18837677935339145,1.6232205190566862
1.0,1.0,3.196712546212882,3.646334534342012,1.2184570268205968,1,-0.49209727189659114,0.2732312961117544,1.127068858675796,2.6008443792268876
0.0,1.0,0.24342927374577186,-0.1063290975986029,-0.10705313569664134,0,-0.4919637533057856,0.2732312961117544,-0.17647229394136266,0.009033207059065894
1.0,1.0,0.15792599428812537,0.4077344136261389,-0.13441195378345122,2,-0.4919384227455334,0.2732312961117544,0.002094987239070026,-0.055583871668303565
0.0,1.0,-0.5544873301529852,-0.9459661659323478,-0.13064397284933968,1,0.2191249728740057,0.2732312961117544,-0.4681321865360694,-0.37479533972197526
0.0,1.0,13.696173250494041,3.66346998471617,-0.8170718038896595,3,-0.4922765403845073,-2.5228356340985316,3.216306048486859,5.432529023504944
0.0,1.0,-0.5544873301529852,-0.14059999834691903,0.2889125129010801,0,0.6146749564822815,0.2732312961117544,-0.18837677935339145,0.022049597018536
0.0,1.0,-0.5544873301529852,-1.4771651275312476,-0.23188798229633673,1,0.12367402017196959,-1.5908133240284363,-0.5038456427721559,-0.4705587801380767
0.0,1.0,0.6244318870090446,0.25351536025871635,-0.2143586796898178,0,-0.49209464896701244,0.2732312961117544,-0.05147519711505972,0.08015848076617041
0.0,1.0,-0.5544873301529852,-0.9116952651840317,0.9168547268336686,0,1.2066870951665931,0.2732312961117544,-0.45622770112404054,0.6159998674310232
0.0,1.0,-0.5544873301529852,0.7504434211093001,0.7469679342826396,0,1.0465210143380954,0.2732312961117544,0.12113984135935855,0.45530943424089815
0.0,1.0,0.14390345645707134,-0.17487089909523515,-0.46746870330731044,0,-0.4920853016540825,0.2732312961117544,-0.20028126476542038,-0.3769647380485536
1.0,1.0,0.4431649345588341,-0.6546635095716608,-0.8508198070386584,2,-0.4922669669597292,0.2732312961117544,-0.3669440605338242,-0.6039767772226453
1.0,1.0,-0.5544873301529852,-1.7170614327694604,-0.3665523443763231,0,-0.0032850140045250545,0.2732312961117544,-0.7359831083067184,-0.5979334533128914
1.0,0.0,-0.5544873301529852,-0.1577354487210771,-0.16439197599833869,2,0.18730798863999365,0.2732312961117544,-0.19432902205940586,-0.40671648652734244
0.0,1.0,-0.5544873301529852,-0.3976317539592899,-0.2708783937014909,0,0.0869145917851013,2.1372759162519452,-0.4458112763885153,-0.5074385516899087
0.0,1.0,0.06797654429868126,-0.9459661659323478,-0.3490230417698042,2,-0.4920004770147467,0.2732312961117544,-0.4681321865360694,-0.299331269361714
0.0,1.0,0.30054546442347974,0.06502540614297769,-0.22992207920027855,0,-0.49203105897945565,0.2732312961117544,-0.11694986688121839,-0.08130673754058973
0.0,1.0,-0.5544873301529852,-0.1920063494693932,0.2779362206147552,3,0.6043267140372388,-4.386880254238722,3.5139181837875806,0.01166747645562532
0.0,1.0,-0.5544873301529852,-0.1920063494693932,-0.07428808409567142,0,0.2722562475172103,0.2732312961117544,-0.2062335074714348,-0.3214901236974786
1.0,0.0,-0.12697093286475275,-0.14059999834691903,-0.3233024762630428,3,-0.49185460657227614,0.2732312961117544,-0.18837677935339145,-0.36332851999577537
0.0,1.0,-0.5544873301529852,-0.020651845727812607,-0.325268379359101,0,0.035636733699217826,0.2732312961117544,-0.14671108041129052,-0.558884283434481
0.0,1.0,-0.5544873301529852,1.2645069323340419,0.5181040488498647,0,0.8307524367899654,0.2732312961117544,0.29970712253979137,0.2388344726530441
0.0,1.0,0.6993327598139429,2.995187420124006,0.06742076407852347,0,-0.49203315879622794,0.2732312961117544,0.9008836358472482,0.38062014899727203
0.0,1.0,-0.07635299142582604,-0.8774243644357156,-0.5225139899969399,1,-0.4920336539611375,0.2732312961117544,-0.4443232157120117,-0.5288226209090382
1.0,1.0,-0.3889529811229816,-0.020651845727812607,-0.34853156599578966,2,-0.49123481903722654,0.2732312961117544,-0.14671108041129052,-0.5058889814566385
1.0,1.0,-0.0698547421870449,0.03075450539466157,-0.35344632373593515,0,-0.4919245216028765,0.2732312961117544,-0.12885435229324718,-0.36596278939233484
1.0,1.0,0.015648537270601597,-0.38049630358513187,-0.3118347082027033,0,-0.49195399375110926,0.2732312961117544,-0.27170817723759344,-0.28786444963551416
0.0,1.0,-0.5544873301529852,-0.14059999834691903,0.07299082285068836,0,0.41110803793651524,0.2732312961117544,-0.18837677935339145,-0.18218375972648307
0.0,1.0,-0.07190682089402842,0.3563280625036647,-0.23205180755434157,2,-0.4918419650610466,0.2732312961117544,-0.015761740878973182,-0.25206937724697137
1.0,0.0,3.3102609013326365,-0.14059999834691903,0.01843701193507345,3,-0.49220269490664387,0.2732312961117544,-0.18837677935339145,1.5172299151010011
0.0,1.0,0.5286682140164806,0.49341166549692916,0.47993276373473476,2,-0.4918718186947595,0.2732312961117544,0.03185620076914216,0.6934783790945357
1.0,0.0,0.061136281942069534,-0.5689862577008705,-0.6394852242124025,0,-0.49214944436015723,0.2732312961117544,-0.3371828470037521,-0.57716921218707
0.0,0.0,0.9558425981868824,1.2473714819598838,0.1440909848247931,0,-0.49205838167157273,0.2732312961117544,0.29375487983377696,0.5693578034095886
1.0,1.0,-0.5544873301529852,-0.14059999834691903,-0.07740076399776356,3,0.26932167130145185,0.2732312961117544,-0.18837677935339145,-0.3244343071406921
1.0,0.0,0.09909973802126458,-0.34622540283681574,-0.45927744040706797,0,-0.4920680543508461,0.2732312961117544,-0.2598036918255645,-0.38951625693804265
0.0,1.0,-0.5544873301529852,-0.3119545020884996,-0.1806106765408188,0,0.17201730204209467,0.2732312961117544,-0.24789920641353572,-0.4220572318367179
1.0,1.0,0.22632861785424258,0.3049217113811905,-0.36638851911831827,0,-0.49206391971585084,0.2732312961117544,-0.03361846899701651,-0.24401161203396607
1.0,1.0,0.8706813318470665,0.6647661692385097,0.047761733117941525,0,-0.49206704576357685,0.2732312961117544,0.09137862782928642,0.4396587748848686
0.0,1.0,-0.5544873301529852,-1.288675173415509,-0.5772316261705597,1,-0.20190948839743517,0.2732312961117544,-0.5871770406563579,-0.7972081853114457
1.0,1.0,-0.5544873301529852,0.2706508106328744,5.294101795465245,1,5.333473511421775,0.2732312961117544,-0.045522954409045316,4.756296573705806
0.0,1.0,-0.5544873301529852,-0.05492274647612873,-0.08460907534997694,0,0.26252581059127456,0.2732312961117544,-0.15861556582331932,-0.3312524161670812
1.0,1.0,0.30054546442347974,-0.14059999834691903,-0.3391935262895132,0,-0.49207225013111944,0.2732312961117544,-0.18837677935339145,-0.18466307209971547
0.0,1.0,-0.5544873301529852,-0.4490381050817641,-0.1231080109811166,2,0.22622973634373655,0.2732312961117544,-0.2955171480616511,-0.3676673166489321
0.0,1.0,-0.5544873301529852,0.8703915737284065,1.0408704471433399,2,1.3236067896575985,-2.5228356340985316,1.275874926326157,0.7333023340895811
0.0,1.0,0.2718163625257105,0.04788995576881963,-0.3814604428547644,0,-0.49208158341505254,0.2732312961117544,-0.12290210958723279,-0.23765837407755805
0.0,0.0,-0.5544873301529852,-0.5347153569525543,0.015815807806995857,0,0.35720450639442686,0.2732312961117544,-0.3252783615917232,-0.23626376086761483
0.0,0.0,0.24342927374577186,0.7675788714834582,-0.483195928075776,0,-0.4921156900529868,0.2732312961117544,0.12709208406537295,-0.3467481184997837
0.0,1.0,0.4004132948300108,0.3220571617553486,-0.4111128145536422,0,-0.4921180457529365,0.2732312961117544,-0.02766622629100199,-0.20744175452878816
1.0,1.0,0.2010196471347792,-0.037787296101970666,-0.5477430797296867,0,-0.4921341141232866,0.2732312961117544,-0.15266332311730493,-0.4270158565831827
0.0,1.0,0.026934970159010935,-0.5004444562042383,-0.45927744040706797,0,-0.4920420014915431,0.2732312961117544,-0.31337387617969437,-0.4222121888600449
1.0,1.0,-0.5544873301529852,-0.1063290975986029,0.2260036138272179,0,0.5553656266480067,0.2732312961117544,-0.17647229394136266,-0.037453899939041635
1.0,0.0,0.5526091322646216,0.7161725203609839,-0.5331626317672551,0,-0.49217557588757854,0.2732312961117544,0.10923535594732975,-0.2539288615268957
0.0,1.0,0.5854423915763578,-0.12346454797276096,-0.48565330694584874,0,-0.4921650929010519,0.2732312961117544,-0.18242453664737704,-0.194115450522664
0.0,0.0,-0.5544873301529852,2.5668011607700545,0.9987673558360934,1,1.2839127850549716,0.2732312961117544,0.7520775681968874,0.6934783790945357
0.0,1.0,0.08439317395454939,-0.7917471125649252,-0.588863219488904,0,-0.4921285893087097,0.2732312961117544,-0.4145620021819396,-0.5187504143927816
0.0,1.0,-0.5544873301529852,-1.579977829776196,0.04022577124971845,1,0.38021776198116375,0.2732312961117544,-0.688365166658603,-0.21317516439188808
1.0,1.0,-0.5544873301529852,-0.24341270059186737,-0.20813331988563355,0,0.1460694702395994,0.2732312961117544,-0.224090235589478,-0.4480900117556581
0.0,1.0,0.08063102965841293,-0.17487089909523515,-0.421106155291938,0,-0.49204258143107205,0.2732312961117544,-0.20028126476542038,-0.36177894976250513
0.0,0.0,0.6767598940371243,1.3673196345789902,-0.26268713080124845,2,-0.49211509563984646,0.2732312961117544,0.3354205787758778,0.058154583453732846
0.0,0.0,0.27523649370401637,0.37346351287782276,-0.2212393405260215,1,-0.4920201543010045,0.2732312961117544,-0.009809498172958779,-0.08456083503045726
1.0,1.0,0.32893255320341835,0.5790889173677195,-0.3732691799545219,1,-0.49209129423462683,0.2732312961117544,0.06161741429921429,-0.2040327000155936
1.0,0.0,-0.5544873301529852,-0.05492274647612873,-0.13441195378345122,0,0.2155725911391403,0.2732312961117544,-0.15861556582331932,-0.37835935125849685
1.0,1.0,-0.24222935357366024,-0.5347153569525543,-0.34034030309554714,1,-0.49171604157999577,-4.014071330210684,1.7282453719832531,-0.43166456728299346
0.0,1.0,-0.05651623059165205,-1.305810623789667,-0.5644532560461814,2,-0.4920705217726583,-0.6587910139583409,-0.5217023708901992,-0.5595041115277891
1.0,1.0,0.956184611304713,-0.2262772502177093,-0.3272342824551592,0,-0.49215901008269175,0.2732312961117544,-0.21813799288346358,0.12370140432106445
1.0,1.0,0.0012839863217169861,-0.3976317539592899,-0.5587193720160116,2,-0.492088770200682,-2.5228356340985316,0.39494300583602204,-0.527892878769076
1.0,1.0,-0.5544873301529852,-0.8945598148098737,-0.40734483361953067,0,-0.041743407568937664,0.2732312961117544,-0.45027545841802613,-0.6365177521213207
1.0,0.0,-0.5544873301529852,0.2706508106328744,0.4745265302205747,1,0.7896683697693478,-0.6587910139583409,0.13542522385379327,0.19761590444805543
0.0,1.0,-0.5544873301529852,2.3783112066543155,1.8450886386891463,2,2.0818086129817006,0.2732312961117544,0.6866028984307287,1.4939863616019473
1.0,1.0,-0.5544873301529852,-0.14059999834691903,-0.03890182836662391,0,0.3056177455489899,0.2732312961117544,-0.18837677935339145,-0.2880194066588412
0.0,1.0,-0.5544873301529852,-0.14059999834691903,2.1181853437832308,1,2.3392790630695557,0.2732312961117544,-0.18837677935339145,1.752299719488098
1.0,0.0,-0.5544873301529852,-0.003516395353654549,-0.18077450179882365,0,0.1718628506623179,0.2732312961117544,-0.1407588377052761,-0.4222121888600449
0.0,1.0,0.05532205893894957,0.15070265801376798,-0.47140050949942686,0,-0.4920593916909028,0.2732312961117544,-0.08718865335114626,-0.4208175756501017
0.0,1.0,6.285775026458735,1.7614349931846256,-0.6231026984119176,2,-0.4922657268851317,0.2732312961117544,0.4723221610142095,2.258544314697489
1.0,1.0,0.032749193162130895,-0.6375280591975028,-0.45927744040706797,0,-0.4920443375655043,-0.6587910139583409,-0.24313741224872415,-0.4195779194634855
1.0,1.0,-0.5544873301529852,-0.5004444562042383,-0.29266715301613594,2,0.06637255827479256,0.2732312961117544,-0.31337387617969437,-0.5280478357924031
1.0,1.0,0.4185399900750319,0.06502540614297769,-0.13031632233333,1,-0.49202800790197976,-2.5228356340985316,0.716364111960801,0.06636730569006517
0.0,1.0,0.31456800225453374,0.25351536025871635,-0.06609682119542894,0,-0.49197428344033406,2.1372759162519452,-0.27617235926710426,0.08000352374284338
1.0,1.0,-0.2706164423535989,-0.1920063494693932,-0.08903235731610788,0,-0.491374792719839,0.2732312961117544,-0.2062335074714348,-0.20682192643548006
0.0,1.0,0.13432708915781494,0.9903397263475129,-0.18077450179882365,0,-0.4919484838998037,0.2732312961117544,0.20447123924356042,-0.1101287438794164
1.0,1.0,0.12714481368337263,0.20210900913624216,-0.11409762179084987,3,-0.4919134872701117,0.2732312961117544,-0.06933192523310304,-0.050315332875184714
0.0,1.0,-0.5544873301529852,-0.3976317539592899,-0.3781839376946674,3,-0.014251061968674835,0.2732312961117544,-0.27766041994360785,-0.6089354019691101
1.0,1.0,1.0700749795422981,-0.2776836013401835,5.52804426389617,0,-0.49100544331983126,0.2732312961117544,-0.23599472100150692,5.713621063820168
0.0,1.0,-0.5544873301529852,0.01361905502050351,0.1973341936763692,1,0.5283366351870742,-2.5228356340985316,0.6806506557247143,-0.06457137902127102
0.0,1.0,0.44590103950147875,-0.3976317539592899,-0.5552790415979099,1,-0.49217177168776294,0.2732312961117544,-0.27766041994360785,-0.3231946509540759
1.0,1.0,-0.5544873301529852,-0.4490381050817641,-0.2667827622513697,0,0.09077587627952025,0.2732312961117544,-0.2955171480616511,-0.5035646261067331
0.0,1.0,-0.5544873301529852,-0.003516395353654549,0.9407732145023766,0,1.2292369966139995,0.2732312961117544,-0.1407588377052761,0.6386235928367688
1.0,1.0,-0.5544873301529852,-0.14059999834691903,1.5038406262650446,0,1.760086388906715,0.2732312961117544,-0.18837677935339145,1.1712108820117542
0.0,1.0,-0.5544873301529852,-1.0659143185514541,-0.36638851911831827,0,-0.003130562624748297,0.2732312961117544,-0.5097978854781704,-0.5977784962895644
1.0,1.0,0.6138294803562965,-1.3743524252862993,-0.3937473372051281,0,-0.4921424797616051,-2.5228356340985316,-0.28361266264962226,-0.09432312750005983
0.0,1.0,-0.0674606503622308,-0.6203926088233447,0.044812878473854234,3,-0.49166276975809525,0.2732312961117544,-0.35503957512179535,0.011822433478952345
0.0,1.0,0.4431649345588341,0.4248698640002969,-0.3639311402482455,0,-0.49210965732960704,0.2732312961117544,0.008047229945084548,-0.1434445038947268
1.0,1.0,0.15655794181680302,0.442005314374455,-0.3200259711029458,1,-0.4920219010026287,0.2732312961117544,0.01399947265109895,-0.23177000719113108
0.0,1.0,0.7451625176032415,-0.14059999834691903,-0.4920424920080379,0,-0.492180559801716,-2.5228356340985316,0.5735102870164548,-0.12779384453869727
1.0,1.0,-0.5544873301529852,-0.3119545020884996,-0.05790555829518646,0,0.287701385494886,0.2732312961117544,-0.24789920641353572,-0.3059944213647761
0.0,1.0,-0.18408712354246062,-0.020651845727812607,-0.3118347082027033,1,-0.4917793924983862,0.2732312961117544,-0.14671108041129052,-0.37835935125849685
0.0,1.0,-0.5544873301529852,0.5448180166194033,0.0022183113925933404,0,0.344385041872956,0.2732312961117544,0.04971292888718549,-0.24912519380375792
0.0,1.0,1.5830946562881771,0.8703915737284065,-0.4551818089569467,0,-0.4922132231757053,0.2732312961117544,0.1628055403014596,0.28671619286109484
1.0,0.0,0.30191351689480206,0.37346351287782276,-0.38784962791695354,3,-0.492090891004884,0.2732312961117544,-0.009809498172958779,-0.23006547993453383
1.0,1.0,-0.5544873301529852,1.024610627095829,0.957811041334881,1,1.2452999401107825,0.2732312961117544,0.21637572465558924,0.6547391232627794
0.0,1.0,0.6425585822540657,-0.3633608532109738,-0.45927744040706797,0,-0.4921633798392018,0.2732312961117544,-0.26575593453157903,-0.14328954687139978
0.0,1.0,-0.5544873301529852,-0.9459661659323478,-0.30823055252659665,3,0.051699677196000604,-2.5228356340985316,0.01399947265109895,-0.5427687530084705
1.0,1.0,-0.5544873301529852,-0.4490381050817641,1.8493480953972723,0,2.0858243488558967,0.2732312961117544,-0.2955171480616511,1.49801524420845
1.0,1.0,-0.010344459684522937,-0.6889344103199769,-0.5359476611533376,0,-0.4920712417108522,0.2732312961117544,-0.37884854594585304,-0.5116223913197384
1.0,1.0,-0.5544873301529852,-0.414767204333448,-0.3051178726245045,1,0.054634253411758996,0.2732312961117544,-0.28361266264962226,-0.5398245695652569
0.0,0.0,0.5502150404398075,0.2706508106328744,-0.3080667272685918,0,-0.49210967253219495,0.2732312961117544,-0.045522954409045316,-0.042102610638852386
1.0,1.0,0.30054546442347974,0.6304952684901937,-0.3282172340031883,1,-0.4920681124891982,0.2732312961117544,0.07947414241725761,-0.17428095153680478
0.0,1.0,-0.5544873301529852,-1.1173206696739284,-0.421106155291938,0,-0.05471732347018529,0.2732312961117544,-0.5276546135962137,-0.6495341420807907
1.0,1.0,0.1866550961858946,-0.3633608532109738,-0.4920424920080379,0,-0.49210710299053245,0.2732312961117544,-0.26575593453157903,-0.38083866363172925
1.0,1.0,0.22359251291159787,0.13356720763960991,-0.22992207920027855,0,-0.4920066388280437,0.2732312961117544,-0.09314089605716065,-0.11617206778917037
1.0,1.0,-0.5544873301529852,-0.7917471125649252,-0.24630460500076348,2,0.11008229875161493,0.2732312961117544,-0.4145620021819396,-0.484194998190855
1.0,1.0,-0.5544873301529852,0.9389333752250387,0.6809463553066852,0,0.9842771082880623,0.2732312961117544,0.18661451112551722,0.392861753840107
0.0,1.0,0.27215837564354106,-0.003516395353654549,-0.5030187842943628,0,-0.49212906043025406,0.2732312961117544,-0.1407588377052761,-0.35248152836288366
0.0,1.0,0.916511089636365,0.6133598181160356,-0.2830014627938498,0,-0.49214610579195134,0.2732312961117544,0.07352189971124322,0.1475647859134263
0.0,0.0,-0.5544873301529852,-1.305810623789667,-0.521367213190906,0,-0.14924156789356086,0.2732312961117544,-0.5931292833623723,-0.74436784035693
1.0,1.0,0.24582336557058596,0.11643175726545187,-0.48794686055791664,0,-0.4921180889578508,0.2732312961117544,-0.09909313876317517,-0.3501571730129783
0.0,1.0,-0.5544873301529852,-0.14059999834691903,-0.5575725952099777,0,-0.18337532282422425,0.2732312961117544,-0.18837677935339145,-0.7786133425122026
0.0,1.0,0.9274555094069438,-0.2776836013401835,0.10591969970966313,0,-0.49206247765977673,-2.5228356340985316,0.4782744037202239,0.5203913840382487
1.0,1.0,-0.5544873301529852,-1.3914878756604574,1.6964991296787477,0,1.9417212115241818,0.2732312961117544,-0.6228904968924444,1.3534403414443354
0.0,1.0,-0.5544873301529852,-1.4771651275312476,-0.35213572167189633,0,0.010306707415829603,0.2732312961117544,-0.6526517104225166,-0.5842972352601131
0.0,1.0,-0.5544873301529852,4.006178992199331,3.014309505069758,3,3.1841281104484187,0.2732312961117544,1.252065955502099,2.5999146370869255
1.0,1.0,-0.3817707056485393,-0.1063290975986029,-0.48827451107392633,0,-0.49153848614612045,0.2732312961117544,-0.17647229394136266,-0.6348132248647234
1.0,1.0,-0.5544873301529852,-0.14059999834691903,0.33543888617445744,1,0.6585391483388807,0.2732312961117544,-0.18837677935339145,0.06605739164341112
1.0,1.0,1.3693364576440608,0.8703915737284065,0.04989146147200457,0,-0.4921213798402764,0.2732312961117544,0.1628055403014596,0.6676005561989226
0.0,1.0,0.19794152907430393,-0.020651845727812607,-0.3337872927753532,0,-0.49204187913179254,0.2732312961117544,-0.14671108041129052,-0.22603659732803116
1.0,1.0,-0.5544873301529852,-0.6546635095716608,-0.4043959789754433,0,-0.03896328273295603,0.2732312961117544,-0.3669440605338242,-0.6337285257014341
1.0,1.0,0.40007128171218026,0.13356720763960991,-0.39849826968726876,0,-0.492113728850047,0.2732312961117544,-0.09314089605716065,-0.19566502075593425
0.0,0.0,-0.5544873301529852,-1.0316434178031382,-0.31019645562265485,0,0.049846260638679515,0.2732312961117544,-0.4978934000661415,-0.5446282372883947
1.0,1.0,-0.5544873301529852,-0.9459661659323478,-0.11147641766277228,1,0.23719578430788632,0.2732312961117544,-0.4681321865360694,-0.3566653679927133
0.0,1.0,-0.5544873301529852,2.0356021991711546,-0.3801498407907256,3,-0.016104478525995926,0.2732312961117544,0.5675580443104404,-0.6107948862490344
0.0,1.0,0.03343321939779207,-0.6203926088233447,-0.5870611416508507,0,-0.4921146512665801,0.2732312961117544,-0.35503957512179535,-0.540134483611911
1.0,1.0,-0.5544873301529852,-1.1344561200480865,-0.5305414276391776,0,-0.15789084516105928,0.2732312961117544,-0.533606856302228,-0.7530454336632435
0.0,1.0,-0.5544873301529852,-1.5114360282795638,-0.08493672586598665,0,0.262216907831721,0.2732312961117544,-0.6645561958345453,-0.33156233021373527
0.0,1.0,0.28378682164978103,-0.4490381050817641,-0.17536826828466362,0,-0.4920051468848466,0.2732312961117544,-0.2955171480616511,-0.03729894291571461
0.0,1.0,-0.5544873301529852,0.3563280625036647,0.16604356939744294,3,0.4988364216497135,-2.5228356340985316,0.9187403639652914,-0.09416817047673282
1.0,1.0,0.8929121845060546,2.738155664511635,0.08806274658713453,0,-0.49206131043177803,0.2732312961117544,0.8115999952570316,0.4878504091395734
1.0,1.0,-0.5544873301529852,-1.9055513868851992,-0.2921756772421214,0,0.06683591241412283,-3.4548579441686273,-0.5038456427721559,-0.5275829647224219
0.0,0.0,1.925107774118763,0.7504434211093001,0.1632585400113605,1,-0.4921417578941409,0.2732312961117544,0.12113984135935855,1.0266359792476396
0.0,1.0,-0.5544873301529852,-1.54570692902788,-0.49564664768414457,0,-0.12499270126860994,0.2732312961117544,-0.6764606812465742,-0.7200395876945871
0.0,0.0,-0.5544873301529852,-0.14059999834691903,-0.5854228890708022,3,-0.20963205738627302,0.2732312961117544,-0.18837677935339145,-0.8049560364777969
1.0,1.0,-0.4898468508830045,-0.20914179984355127,-0.17389384096261998,3,-0.4887484618988409,0.2732312961117544,-0.21218575017744917,-0.3864171164715021
0.0,1.0,0.8805997122641535,2.2412276036610512,0.0022183113925933404,2,-0.4920787344806102,0.2732312961117544,0.6389849567826135,0.40107447607643937
0.0,1.0,-0.5544873301529852,-0.8260180133132414,-0.3265789814231398,0,0.034401122661003765,0.2732312961117544,-0.42646648759396844,-0.5601239396210973
0.0,1.0,-0.5544873301529852,-0.07205819685028679,-0.06609682119542894,0,0.27997881650604817,0.2732312961117544,-0.16456780852933384,-0.31374227253112735
0.0,1.0,0.25779382469465645,-0.14059999834691903,-0.47697056827159173,1,-0.4921160904423841,0.2732312961117544,-0.18837677935339145,-0.3343515566336217
1.0,1.0,-0.5544873301529852,-1.3914878756604574,-0.4756599662075529,0,-0.10614963293584553,0.2732312961117544,-0.6228904968924444,-0.7011348308486901
0.0,1.0,-0.5544873301529852,-0.6203926088233447,-0.29610748343423776,1,0.06312907929948065,-1.5908133240284363,-0.05742743982107412,-0.5313019332822706
0.0,0.0,0.6220377951842305,-0.2776836013401835,-0.45190530379684973,0,-0.4921593599425432,0.2732312961117544,-0.23599472100150692,-0.14561390222130513
0.0,1.0,0.5741559586879486,0.0992963068912938,-0.2530214405789623,0,-0.4920975225853858,-2.5228356340985316,0.7401730827848586,0.0208099408319198
0.0,1.0,1.2588662205847816,0.03075450539466157,-0.22173081630003605,1,-0.49216012497851314,0.2732312961117544,-0.12885435229324718,0.3606306929880858
0.0,1.0,0.2519796016915365,-0.2776836013401835,-0.4620624697931504,0,-0.49210896499157414,0.2732312961117544,-0.23599472100150692,-0.32288473690742187
0.0,1.0,-0.3191823050855421,0.4077344136261389,-0.025140506694216542,1,-0.4911012032139831,0.2732312961117544,0.002094987239070026,-0.16839258465037782
0.0,0.0,0.2889170184172398,-0.7917471125649252,-0.47844499559363535,0,-0.4921226292865411,-2.5228356340985316,0.12113984135935855,-0.32164508072080567
0.0,1.0,-0.055490191238160284,-0.4490381050817641,-0.4324100980942726,0,-0.49198568264232617,0.2732312961117544,-0.2955171480616511,-0.43414387965622586
1.0,1.0,1.725372113305701,-1.1344561200480865,-0.5362753116693473,0,-0.49222873762913794,-2.5228356340985316,-0.11694986688121839,0.27447458801825986
1.0,1.0,0.26805421822957404,-0.431902654707606,-0.40570658103948215,0,-0.4920901857906209,0.2732312961117544,-0.28956490535563667,-0.262296540786555
0.0,1.0,-0.5544873301529852,0.5790889173677195,-0.3527910227039157,0,0.009688901896722573,0.2732312961117544,0.06161741429921429,-0.5849170633534213
1.0,1.0,0.216068224319325,-0.24341270059186737,-0.4266762140641029,0,-0.4920862858329321,0.2732312961117544,-0.224090235589478,-0.3056845073181221
0.0,0.0,-0.5544873301529852,0.8703915737284065,0.8211807761588364,0,1.1164874893769667,0.2732312961117544,0.1628055403014596,0.5255049658080405
0.0,1.0,-0.5544873301529852,-0.2776836013401835,0.29431874641524014,0,0.6197718520149146,0.2732312961117544,-0.23599472100150692,0.02716317878832783
1.0,1.0,0.00778223556049812,-0.6203926088233447,-0.5693680137863268,0,-0.49209705972715584,0.2732312961117544,-0.35503957512179535,-0.5350209018421191
0.0,1.0,-0.5544873301529852,1.0931524285924612,0.1632585400113605,0,0.4962107481935086,0.2732312961117544,0.24018469547964708,-0.09680243987329223
1.0,1.0,-0.055490191238160284,0.13356720763960991,-0.28447589011589347,0,-0.49189015552182047,0.2732312961117544,-0.09314089605716065,-0.2942176875919222
0.0,1.0,-0.5544873301529852,0.8703915737284065,0.6773421996305785,1,0.9808791779329736,0.2732312961117544,0.1628055403014596,0.3894526993269125
0.0,1.0,-0.5544873301529852,-0.24341270059186737,-0.3178962427488828,0,0.04258704578917191,0.2732312961117544,-0.224090235589478,-0.5519112173847649
1.0,1.0,-0.5544873301529852,-0.723205311068293,-0.10705313569664134,0,0.24136597156185877,0.2732312961117544,-0.39075303135788186,-0.35248152836288366
0.0,1.0,0.11722643326628564,-0.34622540283681574,-0.31232618397671785,0,-0.4920032139425843,0.2732312961117544,-0.2598036918255645,-0.2423070847773688
0.0,1.0,0.6179336377702636,0.2363799098845583,-0.3174047669748682,3,-0.4921219644184781,0.2732312961117544,-0.05742743982107412,-0.020253670349741848
0.0,1.0,1.7257141264235314,-0.14059999834691903,2.5277484887953547,0,-0.49179552604977145,0.2732312961117544,-0.18837677935339145,3.172790752326937
0.0,1.0,-0.5544873301529852,-0.2776836013401835,-0.19863145492135226,0,0.15502765026665136,0.2732312961117544,-0.23599472100150692,-0.43910250440269066
1.0,0.0,0.061136281942069534,-0.2262772502177093,-0.3816242681127693,0,-0.49201446020037454,0.2732312961117544,-0.21813799288346358,-0.3332668574703325
1.0,1.0,0.9811515689063458,-1.1344561200480865,0.016307283581010405,0,-0.4920888269907627,0.2732312961117544,-0.533606856302228,0.4599581449407089
1.0,1.0,-0.5544873301529852,2.6696138630150026,0.6476898279317007,3,0.9529234781933805,0.2732312961117544,0.787791024432974,0.36140547810472096
0.0,1.0,1.8963786722209939,-0.14059999834691903,0.41686003940286764,2,-0.4921068001722884,0.2732312961117544,-0.18837677935339145,1.2534930613984043
0.0,1.0,-0.5544873301529852,3.012322870498164,0.8758984123324562,1,1.1680742502224037,0.2732312961117544,0.9068358785532625,0.5772606115992669
0.0,1.0,-0.5544873301529852,-1.1858624711705605,-0.4756599662075529,0,-0.10614963293584553,0.2732312961117544,-0.5514635844202713,-0.7011348308486901
1.0,0.0,-0.5544873301529852,-1.254404272667193,-0.5187460090628284,0,-0.14677034581713275,2.1372759162519452,-0.6690203778640561,-0.7418885279836976
0.0,1.0,0.07242271483047887,0.7847143218576161,0.7256706507420091,1,-0.49144999054712585,-2.5228356340985316,1.2163524992660126,0.7192012449668219
1.0,0.0,-0.11671053932983518,-0.26054815096602546,-0.37916688924269654,1,-0.49190563873048676,0.2732312961117544,-0.2300424782954924,-0.4115201542504802
0.0,1.0,-0.5544873301529852,0.8361206729800904,0.3708251419035049,2,0.6919006463706604,0.2732312961117544,0.15090105488943056,0.09952810868204855
1.0,1.0,-0.5544873301529852,-1.0316434178031382,-0.25318526583696715,0,0.10359534080099111,0.2732312961117544,-0.4978934000661415,-0.49070319317059
0.0,1.0,-0.5544873301529852,1.8471122450554158,0.6163992036527745,0,0.9234232646560199,0.2732312961117544,0.5020833745442818,0.33180868664925917
0.0,1.0,-0.5544873301529852,-1.1858624711705605,-0.2504002364508847,1,0.10622101425719599,0.2732312961117544,-0.5514635844202713,-0.4880689237740306
0.0,1.0,2.2955079807292877,0.6647661692385097,0.31610750572988516,0,-0.49214218221360395,-0.6587910139583409,0.29970712253979137,1.3390293382749223
1.0,1.0,-0.5544873301529852,-0.6203926088233447,-0.36769912118235704,0,-0.004366173662962357,0.2732312961117544,-0.35503957512179535,-0.5990181524761805
0.0,1.0,-0.5544873301529852,-0.6203926088233447,-0.1838871817009158,3,0.16892827444655953,0.2732312961117544,-0.35503957512179535,-0.4251563723032584
1.0,1.0,0.6709456710340044,-0.14059999834691903,-0.1231080109811166,0,-0.49207760586581917,0.2732312961117544,-0.18837677935339145,0.1875436979317988
0.0,1.0,-0.5544873301529852,0.9903397263475129,0.3338006335944089,0,0.6569946345411132,0.2732312961117544,0.20447123924356042,0.06450782141014087
1.0,1.0,0.052243940878474296,0.8703915737284065,-0.02251930256613895,3,-0.4918198621152578,0.2732312961117544,0.1628055403014596,0.002370055056003815
1.0,1.0,0.07857895095142942,-1.4771651275312476,-0.5696956643023365,0,-0.49211745961453723,0.2732312961117544,-0.6526517104225166,-0.5032547120600791
1.0,1.0,-0.5544873301529852,1.1788296804632517,0.09772843680942066,2,0.4344301962828056,-1.5908133240284363,0.8800507863761975,-0.15878524920410228
0.0,1.0,-0.5544873301529852,2.104144000667787,0.8198701740947977,0,1.1152518783387526,0.2732312961117544,0.5913670151344981,0.5242653096214243
0.0,0.0,-0.5544873301529852,-1.5628423794020379,-0.4119319408436664,2,-0.046068046202686876,-2.5228356340985316,-0.4145620021819396,-0.6408565487744773
0.0,0.0,0.015648537270601597,-0.4490381050817641,0.30251000931548266,1,-0.491606755936863,0.2732312961117544,-0.2955171480616511,0.2932243878408299
0.0,1.0,0.4226441474889989,-0.431902654707606,-0.12753129294724755,0,-0.492028139189682,-5.132498102294799,18.870704365304796,0.0708610593665489
0.0,1.0,0.3111478710762279,-1.3914878756604574,-0.23401771065039978,0,-0.4920356083514309,0.2732312961117544,-0.6228904968924444,-0.08037699540062758
0.0,1.0,0.2424032343922801,-0.1920063494693932,-0.4620624697931504,2,-0.4921069335515001,0.2732312961117544,-0.2062335074714348,-0.32722353356057854
0.0,1.0,-0.5544873301529852,0.08216085651713574,0.23239279888940703,0,0.5613892304593002,0.2732312961117544,-0.11099762417520398,-0.03141057602928765
0.0,1.0,0.15792599428812537,-0.706069860694135,-0.4484649733787479,3,-0.4920804972633031,0.2732312961117544,-0.38480078865186745,-0.3526364853862107
1.0,1.0,0.15929404675944772,-0.14059999834691903,-0.11852090375698081,0,-0.49193189825065337,0.2732312961117544,-0.18837677935339145,-0.039933212312274036
0.0,1.0,-0.03257531234351103,0.5448180166194033,-0.22893912765224944,2,-0.49187288772981147,0.2732312961117544,0.04971292888718549,-0.23130513612115003
0.0,1.0,-0.5544873301529852,0.8361206729800904,0.6165630289107793,3,0.9235777160357965,0.2732312961117544,0.15090105488943056,0.3319636436725862
0.0,0.0,-0.09960988343830587,-0.6203926088233447,-0.5857505395868119,0,-0.49206595831896244,0.2732312961117544,-0.35503957512179535,-0.5991731094995075
0.0,1.0,-0.06540857165524729,-0.12346454797276096,-0.19715702759930862,2,-0.49182476595910724,0.2732312961117544,-0.18242453664737704,-0.21611934783510156
1.0,1.0,1.8741478195620058,2.446853008150948,-0.44928409966877214,1,-0.492220212042399,-2.5228356340985316,2.371087584232811,0.4241630725521661
0.0,1.0,0.06216232129556129,-0.6889344103199769,-0.6190070669617963,1,-0.4921389562734503,0.2732312961117544,-0.37884854594585304,-0.5573347132012108
1.0,1.0,-0.5544873301529852,-1.4257587764087736,-0.5636341297561571,0,-0.1890900238759643,0.2732312961117544,-0.6347949823044733,-0.7843467523753026
0.0,1.0,0.4233281737246601,0.13356720763960991,-0.3352617200973968,2,-0.4920967910204278,0.2732312961117544,-0.09314089605716065,-0.12531453216546487
1.0,1.0,0.24342927374577186,0.04788995576881963,-0.40537893052347246,0,-0.4920842571457914,0.2732312961117544,-0.12290210958723279,-0.2731435324194468
0.0,1.0,-0.5544873301529852,-0.05492274647612873,0.13311469253846817,0,0.4677916943145852,0.2732312961117544,-0.15861556582331932,-0.12531453216546487
0.0,1.0,-0.23880922239535438,-0.2776836013401835,-0.09607684341031641,0,-0.49147289590979043,-2.5228356340985316,0.4782744037202239,-0.1990740752691288
1.0,1.0,-0.5544873301529852,-0.07205819685028679,0.06496338520845074,0,0.4035399203274541,0.2732312961117544,-0.16456780852933384,-0.1897766538695073
1.0,1.0,-0.5544873301529852,0.3220571617553486,-0.31494738810479544,1,0.045367170625153545,-4.759689178266761,8.27571234859912,-0.5491219909648785
0.0,1.0,-0.03394336481483337,-0.5518508073267124,-0.5089164935825374,0,-0.49204513765065633,0.2732312961117544,-0.3312306042977377,-0.496746517080344
0.0,1.0,-0.5544873301529852,-0.020651845727812607,-0.12081445736904871,1,0.22839205566061116,0.2732312961117544,-0.14671108041129052,-0.36549791832235373
0.0,0.0,-0.5544873301529852,-0.3119545020884996,0.143108033276764,0,0.4772132284809674,0.2732312961117544,-0.24789920641353572,-0.11586215374251632
1.0,1.0,-0.08011513572196248,0.2363799098845583,-0.11393379653284502,2,-0.4917541939800526,0.2732312961117544,-0.05742743982107412,-0.1440643319880349
0.0,1.0,1.3265848179152375,1.3673196345789902,-0.717302221764706,0,-0.49224930348948776,0.2732312961117544,0.3354205787758778,-0.07743281195741411
1.0,1.0,-0.5544873301529852,-0.706069860694135,-0.2869332689859662,1,0.07177835656697908,0.2732312961117544,-0.38480078865186745,-0.5226243399759571
0.0,1.0,1.9114272494055395,0.8189852226059323,-0.2027270863714735,0,-0.4921888514183508,0.2732312961117544,0.14494881218341615,0.6742637082019846
0.0,1.0,-0.08387728001809892,-1.3914878756604574,-0.3054455231405142,0,-0.491881129993549,0.2732312961117544,-0.6228904968924444,-0.3269136195139245
0.0,0.0,0.08268310836539645,-0.5518508073267124,-0.4920424920080379,0,-0.4920792179402584,0.2732312961117544,-0.3312306042977377,-0.42794559872314486
1.0,1.0,0.4086216096579449,-0.3976317539592899,-0.3255960298751107,0,-0.49209078883378554,0.2732312961117544,-0.27766041994360785,-0.12283521979223246
0.0,1.0,-0.5544873301529852,0.3049217113811905,-0.17258323889858118,0,0.1795854196511558,0.2732312961117544,-0.03361846899701651,-0.4144643376936937
0.0,0.0,-0.5544873301529852,-0.20914179984355127,-0.04578248920282759,0,0.2991307875983661,0.2732312961117544,-0.21218575017744917,-0.2945276016385763
0.0,1.0,-0.5544873301529852,-1.1344561200480865,1.550203174280417,2,1.8037961293835374,0.2732312961117544,-0.533606856302228,1.215063719613302
0.0,0.0,-0.5544873301529852,-0.9631016163065058,-0.3041349210764754,2,0.05556096169041954,0.2732312961117544,-0.4740844292420839,-0.5388948274252948
1.0,1.0,-0.32773263303130673,-0.5861217080750286,-0.3909623078190457,0,-0.49157630555125353,0.2732312961117544,-0.3431350897097665,-0.5182855433228005
0.0,1.0,-0.06711863724440022,-1.8198741350144088,-0.6332598644082182,1,-0.4921115001743054,0.2732312961117544,-0.7716965645428051,-0.6293897290482775
0.0,1.0,-0.5544873301529852,-0.6203926088233447,-0.2708783937014909,0,0.0869145917851013,0.2732312961117544,-0.35503957512179535,-0.5074385516899087
1.0,1.0,1.0129587888645903,2.104144000667787,0.15228224772503557,0,-0.49206470092308685,0.2732312961117544,0.5913670151344981,0.602983477471553
0.0,0.0,1.1497640359968246,4.1089916944442795,0.5344865746503497,1,-0.4920095278718914,0.2732312961117544,1.2877794117381858,1.0264810222243126
1.0,1.0,-0.5544873301529852,-0.3633608532109738,-0.14030966307162582,0,0.210012341467177,0.2732312961117544,-0.26575593453157903,-0.3839378040982697
1.0,1.0,-0.5544873301529852,-0.9459661659323478,-0.40079182329933666,2,-0.035565352377867364,0.2732312961117544,-0.4681321865360694,-0.6303194711882396
1.0,1.0,0.003678078146531088,-0.3976317539592899,-0.5524940122118274,2,-0.49208598761207684,2.1372759162519452,-0.4458112763885153,-0.5209198127193599
1.0,1.0,0.2328268670930237,0.01361905502050351,-0.4782811703356305,0,-0.4921114921791437,0.2732312961117544,-0.1348065949992617,-0.3469030755231107
1.0,1.0,0.14116735151442666,-0.24341270059186737,-0.4432225651225927,0,-0.4920733109661236,0.2732312961117544,-0.224090235589478,-0.3552707547827701
1.0,1.0,-0.5544873301529852,-0.6889344103199769,-0.3421423809336005,1,0.019728241582211807,0.2732312961117544,-0.37884854594585304,-0.5748448568371647
0.0,0.0,0.9045406305122945,-0.07205819685028679,-0.2965989592082523,0,-0.49214802758337833,-2.5228356340985316,0.6211282286645701,0.12927985716083737
1.0,1.0,-0.213500251675891,-1.4771651275312476,-0.5613405761440893,0,-0.4919721200753157,0.2732312961117544,-0.6526517104225166,-0.6276852017916802
1.0,1.0,-0.5544873301529852,0.3220571617553486,-0.03578914846453177,2,0.3085523217647483,0.2732312961117544,-0.02766622629100199,-0.2850752232156277
0.0,1.0,-0.5544873301529852,2.8066974660082673,1.5721557588530668,3,1.8244926142736229,0.2732312961117544,0.8354089660810895,1.2358279607391236
0.0,1.0,-0.5544873301529852,-0.20914179984355127,-0.21353955339979358,0,0.14097257470696642,0.2732312961117544,-0.21218575017744917,-0.4532035935254499
0.0,0.0,-0.5544873301529852,0.11643175726545187,0.0022183113925933404,0,0.344385041872956,2.1372759162519452,-0.3118858155031908,-0.24912519380375792
1.0,1.0,-0.5544873301529852,1.5215386879464128,1.9428923177180415,0,2.174016086708425,0.2732312961117544,0.38899076313000763,1.5864957045281813
1.0,0.0,2.5167904679656767,0.01361905502050351,-0.5351285348633134,0,-0.492241331169791,0.2732312961117544,-0.1348065949992617,0.6341298391602851
1.0,1.0,-0.5544873301529852,2.1212794510419446,4.659606571212462,1,4.735283317546394,0.2732312961117544,0.5973192578405124,4.156148022360238
0.0,1.0,-0.5544873301529852,-0.14059999834691903,-0.23123268126431734,3,0.12429182569107661,-2.5228356340985316,0.5735102870164548,-0.46993895204476865
0.0,1.0,0.4664218265713139,-0.07205819685028679,-0.3665523443763231,0,-0.4921143204660268,0.2732312961117544,-0.16456780852933384,-0.1353867386817215
0.0,1.0,-0.5544873301529852,-0.414767204333448,0.7043733672013787,2,1.0063636555961386,0.2732312961117544,-0.28361266264962226,0.4150206081758716
1.0,1.0,-0.5544873301529852,-0.14059999834691903,1.2241909108507665,0,1.49643788362779,0.2732312961117544,-0.18837677935339145,0.9066992431925223
0.0,1.0,-0.5544873301529852,0.03075450539466157,0.06971431769059137,0,0.4080190103409801,0.2732312961117544,-0.12885435229324718,-0.18528290019302357
0.0,0.0,0.18323496500758873,-0.2948190517143416,-0.2959436581762329,0,-0.49202063955426517,0.2732312961117544,-0.2419469637075213,-0.19690467694255046
1.0,1.0,-0.5544873301529852,-0.6889344103199769,1.5524967278924848,0,1.805958448700412,0.2732312961117544,-0.37884854594585304,1.2172331179398805
1.0,0.0,-0.5544873301529852,-0.6375280591975028,-0.5349647096053085,0,-0.16206103241503172,0.2732312961117544,-0.3609918178278097,-0.7572292732930732
1.0,1.0,6.285775026458735,-0.5689862577008705,-0.4756599662075529,0,-0.49225877692053993,0.2732312961117544,-0.3371828470037521,2.3980056356918116
0.0,1.0,-0.5544873301529852,-0.7403407614424511,-0.2803802586657722,0,0.07795641175804938,0.2732312961117544,-0.3967052740638963,-0.5164260590428762
1.0,1.0,-0.5544873301529852,-0.9631016163065058,-0.33509789483939195,0,0.02636965091261238,-4.759689178266761,3.811530319088302,-0.5681817048341026
1.0,1.0,-0.5544873301529852,-0.14059999834691903,2.306748215746812,1,2.5170526011926033,0.2732312961117544,-0.18837677935339145,1.930655253337504
1.0,1.0,-0.2090540811440934,0.6647661692385097,0.35624469394107333,0,-0.49112038449846296,0.2732312961117544,0.09137862782928642,0.24224352716623865
0.0,1.0,-0.13415320833919506,0.37346351287782276,-0.13916288626559187,1,-0.49170623556188287,0.2732312961117544,-0.009809498172958779,-0.1924109232660667
0.0,1.0,-0.5544873301529852,-0.037787296101970666,-0.1290057202692912,2,0.22066948667177327,0.2732312961117544,-0.15266332311730493,-0.37324576948870497
1.0,1.0,0.26052992963730115,-0.1577354487210771,-0.1835595311849061,2,-0.4920006011446923,0.2732312961117544,-0.19432902205940586,-0.055583871668303565
0.0,1.0,0.32414436955379017,0.7847143218576161,0.11083445744980862,0,-0.49191268767383156,0.2732312961117544,0.13304432677138736,0.2516959055891872
1.0,1.0,-0.2015297925518205,-1.8884159365110411,0.010573399550840669,1,-0.4914605217343517,0.2732312961117544,-0.7955055353668626,-0.08130673754058973
0.0,1.0,-0.5544873301529852,-1.2029979215447186,-0.5226778152549447,0,-0.15047717893177492,0.2732312961117544,-0.5574158271262859,-0.7456074965435463
1.0,1.0,-0.5544873301529852,-0.07205819685028679,-0.03480619691650267,1,0.3094790300434088,0.2732312961117544,-0.16456780852933384,-0.28414548107566556
1.0,1.0,-0.5544873301529852,2.1212794510419446,0.7758011796914931,3,1.0737044571788048,0.2732312961117544,0.5973192578405124,0.48258187034645456
0.0,0.0,-0.5544873301529852,3.834824488457751,12.38462278717314,3,12.018283679539616,0.2732312961117544,1.192543528441955,11.46299150032278
0.0,1.0,0.7051469828170629,-0.3976317539592899,-0.7795558198065489,0,-0.49225104080880433,2.1372759162519452,-0.4458112763885153,-0.41787339220688824
0.0,1.0,-0.5544873301529852,0.4077344136261389,-0.45927744040706797,1,-0.09070449495816978,0.2732312961117544,0.002094987239070026,-0.6856391285159876
1.0,1.0,-0.007266341624047663,-0.07205819685028679,-0.5008890559402998,0,-0.4920517594939439,0.2732312961117544,-0.16456780852933384,-0.4770669751178118
0.0,1.0,-0.5544873301529852,2.1212794510419446,1.7556400478184984,0,1.9974781596235913,0.2732312961117544,0.5973192578405124,1.4093798268653916
1.0,1.0,0.5857844046941885,0.6133598181160356,-0.49482752139412034,0,-0.492167720267392,0.2732312961117544,0.07352189971124322,-0.20263808680565037
0.0,0.0,0.06489842623820598,0.4077344136261389,-0.17536826828466362,3,-0.4919087458277543,0.2732312961117544,0.002094987239070026,-0.13647143784501067
1.0,0.0,0.08576122642587172,-0.07205819685028679,-0.414553144971744,2,-0.4920411689692509,0.2732312961117544,-0.16456780852933384,-0.35325631347951875
0.0,1.0,-0.5544873301529852,-1.305810623789667,-0.44010988522050054,0,-0.07263368352428916,-2.5228356340985316,-0.23599472100150692,-0.6675091567867256
0.0,0.0,0.8525546366020454,0.2706508106328744,-0.3000392896263542,0,-0.492144011824018,0.2732312961117544,-0.045522954409045316,0.10247229212526202
0.0,0.0,-0.05822629618080497,-0.5861217080750286,-0.5030187842943628,0,-0.4920299177296544,2.1372759162519452,-0.49491727871313435,-0.5021700128967899
0.0,1.0,-0.5544873301529852,0.8703915737284065,0.35706382023109756,2,0.6789267304694128,0.2732312961117544,0.1628055403014596,0.08651171872257844
0.0,1.0,0.5570553027964192,0.37346351287782276,-0.3391935262895132,1,-0.49211973526952757,0.2732312961117544,-0.009809498172958779,-0.06844530460444664
0.0,1.0,-0.5544873301529852,0.06502540614297769,0.09772843680942066,0,0.4344301962828056,0.2732312961117544,-0.11694986688121839,-0.15878524920410228
0.0,0.0,0.12509273497638912,-0.431902654707606,-0.38359017120882744,1,-0.49204018996079935,-2.5228356340985316,0.3711340350119644,-0.30614937838810313
0.0,1.0,0.07584284600878473,0.3905989632519808,-0.48008324817368386,0,-0.49207094666071755,0.2732312961117544,-0.003857255466944377,-0.4197328764868125
0.0,1.0,0.7280618617117122,0.2706508106328744,-0.4630454213411795,0,-0.4921719716857411,0.2732312961117544,-0.045522954409045316,-0.10811430257616507
0.0,1.0,-0.5544873301529852,-0.6889344103199769,-0.2982372117883008,0,0.061121211362382806,0.2732312961117544,-0.37884854594585304,-0.533316374585522
1.0,1.0,-0.5544873301529852,2.463988458525106,0.47993276373473476,0,0.7947652653019809,0.2732312961117544,0.716364111960801,0.20272948621784725
0.0,1.0,0.015306524152771011,-0.020651845727812607,-0.26891249060543276,0,-0.4919295244348957,0.2732312961117544,-0.14671108041129052,-0.24742066654716063
0.0,1.0,0.07242271483047887,0.7504434211093001,0.4091602522766397,0,-0.49161269505406624,0.2732312961117544,0.12113984135935855,0.4198242758990094
0.0,1.0,-0.5544873301529852,-1.0487788681772963,0.6421197691595358,0,0.9476721312809707,-2.5228356340985316,-0.05742743982107412,0.35613693931160206
0.0,1.0,0.17536866329748527,-0.8260180133132414,-0.5480707302456964,0,-0.49212920137559374,0.2732312961117544,-0.42646648759396844,-0.43894754737936365
0.0,1.0,-0.5544873301529852,-0.8945598148098737,-0.13441195378345122,0,0.2155725911391403,0.2732312961117544,-0.45027545841802613,-0.37835935125849685
1.0,1.0,-0.5544873301529852,-1.271539723041351,-0.25171083851492354,1,0.10498540321898193,0.2732312961117544,-0.5812247979503434,-0.4893085799606468
0.0,1.0,0.25437369351635064,-0.2776836013401835,-0.5728083442044287,0,-0.492153594304521,0.2732312961117544,-0.23599472100150692,-0.42655098551320164
0.0,1.0,-0.21247421232239924,0.8703915737284065,0.16047351062527804,2,-0.49129320409890304,0.2732312961117544,0.1628055403014596,0.05552031405717342
0.0,1.0,0.16374021729124533,2.875239267504899,1.5202231520655296,0,-0.49119868703777625,0.2732312961117544,0.8592179369051471,1.5121163333312093
0.0,1.0,0.33406274997087715,-0.2776836013401835,-0.36278436344221154,0,-0.49208856893021785,0.2732312961117544,-0.23599472100150692,-0.1917910951727586
0.0,1.0,-0.5544873301529852,0.8361206729800904,1.5038406262650446,1,1.760086388906715,-2.5228356340985316,1.252065955502099,1.1712108820117542
0.0,1.0,0.3576616551011876,0.7504434211093001,0.04317462589380574,0,-0.4919500179215192,0.2732312961117544,0.12113984135935855,0.20288444324117427
1.0,1.0,0.3980192030051967,-0.6889344103199769,-0.4430587398645879,0,-0.4921284541386805,0.2732312961117544,-0.37884854594585304,-0.23874307324084723
0.0,1.0,1.1542102065286222,-0.1063290975986029,0.5482478963227571,3,-0.4920076301918183,0.2732312961117544,-0.17647229394136266,1.041511853487034
0.0,1.0,-0.5544873301529852,-0.6203926088233447,-0.13719698316953366,2,0.2129469176829354,0.2732312961117544,-0.35503957512179535,-0.38099362065505626
1.0,1.0,-0.5544873301529852,-0.14059999834691903,0.13868475131063304,0,0.473043041226995,0.2732312961117544,-0.18837677935339145,-0.120045993372346
0.0,1.0,11.018210537880554,-0.7917471125649252,-0.584439937522773,0,-0.49226970207354653,0.2732312961117544,-0.4145620021819396,4.439254503978713
1.0,1.0,-0.5544873301529852,-0.6203926088233447,-0.11671882591892746,3,0.23225334015503007,0.2732312961117544,-0.35503957512179535,-0.3616239927391781
0.0,1.0,0.18699710930372518,-0.17487089909523515,-0.3801498407907256,2,-0.4920585463685867,0.2732312961117544,-0.20028126476542038,-0.2748480596760441
0.0,1.0,0.006414183089175776,-0.14059999834691903,-0.25203848903093323,0,-0.4919143074948402,0.2732312961117544,-0.18837677935339145,-0.23548897575097968
1.0,1.0,-0.5544873301529852,-0.14059999834691903,1.0806799848385182,1,1.3611384749433504,0.2732312961117544,-0.18837677935339145,0.7709568907580483
0.0,1.0,-0.1406514575779762,-0.1063290975986029,-0.3174047669748682,1,-0.4918360274790553,0.2732312961117544,-0.17647229394136266,-0.3639483480890835
0.0,1.0,0.48967871858379375,-0.8088825629390833,-0.3678629464403619,0,-0.4921183713570008,0.2732312961117544,-0.42051424488795397,-0.1260893172821
0.0,1.0,-0.5544873301529852,-0.2776836013401835,-0.15341568371201378,0,0.1976562310850364,0.2732312961117544,-0.23599472100150692,-0.3963343659644317
1.0,1.0,0.24445531309926363,-0.037787296101970666,-0.23958776942256466,0,-0.4920176232901482,0.2732312961117544,-0.15266332311730493,-0.11586215374251632
0.0,1.0,-0.5544873301529852,-0.2776836013401835,0.31610750572988516,0,0.6403138855252234,0.2732312961117544,-0.23599472100150692,0.04777246289082217
1.0,1.0,0.10046779049258692,0.8361206729800904,-0.11802942798296626,0,-0.4919005793446001,0.2732312961117544,0.15090105488943056,-0.06612094925454128
1.0,1.0,-0.5544873301529852,1.6757577413138354,0.8894959087468587,0,1.1808937147438745,0.2732312961117544,0.4425609474841375,0.59012204453541
1.0,1.0,-0.5544873301529852,-1.9055513868851992,-0.31855154378090217,0,0.041969240270064885,-3.4548579441686273,-0.5038456427721559,-0.552531045478073
1.0,1.0,1.1774670985411022,0.8703915737284065,-0.2856226669219274,0,-0.492166474865403,0.2732312961117544,0.1628055403014596,0.26331768233871405
1.0,1.0,0.13090695797950908,1.9499249473003641,0.10837707857973587,1,-0.4918108765830529,0.2732312961117544,0.5377968307803682,0.16182083205951264
0.0,1.0,-0.5544873301529852,-0.6889344103199769,-0.11606352488690806,0,0.2328711456741371,0.2732312961117544,-0.37884854594585304,-0.36100416464587004
1.0,1.0,-0.5544873301529852,1.0931524285924612,0.42537895281911986,2,0.7433329558363206,0.2732312961117544,0.24018469547964708,0.1511287974499479
1.0,1.0,1.0170629462785572,2.087008550293629,0.052840316116091864,0,-0.49208565665959264,0.2732312961117544,0.5854147724284836,0.5107840485919731
0.0,1.0,0.015306524152771011,-1.4086233260346155,-0.5885355689728943,0,-0.4921102890671359,0.2732312961117544,-0.6288427395984589,-0.5497418190581865
1.0,1.0,0.3111478710762279,-0.003516395353654549,-0.4976125507802028,0,-0.4921337569573001,0.2732312961117544,-0.1407588377052761,-0.32970284593381094
0.0,1.0,1.3953294545991854,0.3220571617553486,-0.3994812212352979,0,-0.49219776874374443,-4.386880254238722,4.585321870870177,0.2543301749857466
0.0,0.0,-0.5544873301529852,-1.2029979215447186,-0.5284116992851144,1,-0.15588297722396144,-0.6587910139583409,-0.47884622340689537,-0.7510309923599922
0.0,0.0,-0.5544873301529852,-0.1063290975986029,-0.07969431760983145,0,0.2671593519845773,0.2732312961117544,-0.17647229394136266,-0.32660370546727047
1.0,1.0,1.3693364576440608,2.0356021991711546,-0.13441195378345122,0,-0.49215226462560324,0.2732312961117544,0.5675580443104404,0.4932739049560193
0.0,1.0,2.2178710029817448,1.0931524285924612,-0.38178809337077413,2,-0.49221953678873537,0.2732312961117544,0.24018469547964708,0.6437371746065607
0.0,1.0,0.152453784402836,-0.14059999834691903,-0.512520649258644,0,-0.49210817092271397,0.2732312961117544,-0.18837677935339145,-0.4157039938803099
0.0,1.0,-0.5544873301529852,-1.7341968831436185,-0.6489870891766838,0,-0.26955919273965495,0.2732312961117544,-0.7419353510127329,-0.8650793615286826
0.0,1.0,0.05053387528932137,-0.706069860694135,-0.5870611416508507,0,-0.49211926796463545,0.2732312961117544,-0.38480078865186745,-0.5323866324455597
1.0,1.0,-0.5544873301529852,0.6647661692385097,0.25336243191402774,0,0.5811590070707252,-2.5228356340985316,1.1330211013818106,-0.011576077043428444
0.0,1.0,-0.5544873301529852,2.0356021991711546,0.056116821276188854,0,0.3951995458195092,0.2732312961117544,0.5675580443104404,-0.19814433312916666
0.0,1.0,-0.0062403022705559055,-0.14059999834691903,-0.4024300758793852,2,-0.49199431166938373,0.2732312961117544,-0.18837677935339145,-0.38347293302828867
0.0,1.0,0.14150936463225725,0.20210900913624216,-0.3473847891897557,2,-0.49202903332085945,0.2732312961117544,-0.06933192523310304,-0.2644659391131334
1.0,1.0,0.032749193162130895,-0.34622540283681574,-0.22844765187823488,2,-0.4919176658576431,0.2732312961117544,-0.2598036918255645,-0.20124347359570716
0.0,1.0,0.0012839863217169861,-0.8945598148098737,-0.44830114812074306,0,-0.49202474791902784,0.2732312961117544,-0.45027545841802613,-0.4234518450466611
0.0,1.0,-0.5544873301529852,-0.14059999834691903,0.22583978856921302,0,0.5552111752682299,0.2732312961117544,-0.18837677935339145,-0.03760885696236866
1.0,1.0,-0.5544873301529852,-0.2776836013401835,-0.3796583650167111,0,-0.01564112438666565,0.2732312961117544,-0.23599472100150692,-0.6103300151790534
0.0,1.0,1.1555782589999446,-0.2776836013401835,0.06807606511054287,2,-0.4920983678048696,0.2732312961117544,-0.23599472100150692,0.5879526462088316
0.0,0.0,-0.5544873301529852,-0.4490381050817641,-0.2974180854982766,2,0.0618934682612666,0.2732312961117544,-0.2955171480616511,-0.5325415894688867
0.0,1.0,0.8706813318470665,2.9437810690015316,0.5482478963227571,0,-0.4919538382383326,0.2732312961117544,0.8830269077292047,0.9130524811489302
1.0,1.0,-0.10918625073756229,-0.723205311068293,-0.44633524502468486,1,-0.49196052654779143,0.2732312961117544,-0.39075303135788186,-0.4716434793013659
1.0,1.0,-0.5544873301529852,-0.34622540283681574,-0.2708783937014909,1,0.0869145917851013,0.2732312961117544,-0.2598036918255645,-0.5074385516899087
1.0,1.0,0.8419522299492973,0.4077344136261389,-0.5439750987955752,0,-0.49219930612306856,0.2732312961117544,0.002094987239070026,-0.1330623833318161
0.0,1.0,-0.3711682989957912,-1.2029979215447186,-0.40734483361953067,0,-0.4914390978808886,0.2732312961117544,-0.5574158271262859,-0.5534607876180352
0.0,1.0,-0.13962541822448443,-1.528571478653722,-0.5903376468109477,0,-0.4920490770370488,0.2732312961117544,-0.6705084385405597,-0.6216418778819263
0.0,0.0,0.30054546442347974,-0.2262772502177093,-0.3282172340031883,3,-0.4920681124891982,0.2732312961117544,-0.21813799288346358,-0.17428095153680478
0.0,1.0,-0.5544873301529852,-0.1920063494693932,2.0906627004384157,0,2.3133312312670604,0.2732312961117544,-0.2062335074714348,1.7262669395691579
0.0,1.0,-0.5544873301529852,-0.9631016163065058,-0.35377397425194484,0,0.008762193618062028,0.2732312961117544,-0.4740844292420839,-0.5858468054933834
0.0,1.0,0.16887041405870412,-0.2776836013401835,-0.4620624697931504,0,-0.4920895436660363,0.2732312961117544,-0.23599472100150692,-0.36053929357588893
0.0,1.0,-0.21733080276815359,-0.997372517054822,-0.5082611925505179,2,-0.4919179358138356,-2.5228356340985316,-0.021713983584987585,-0.5792146467854624
0.0,0.0,0.015306524152771011,-0.6203926088233447,-0.3937473372051281,0,-0.49200012548551947,2.1372759162519452,-0.5038456427721559,-0.36549791832235373
0.0,1.0,-0.055490191238160284,-0.706069860694135,-0.3883411036909681,0,-0.49195722550454546,0.2732312961117544,-0.38480078865186745,-0.3924604403812561
0.0,0.0,-0.5544873301529852,0.9560688255991968,1.7769373313591288,0,2.0175568389945697,0.2732312961117544,0.19256675383153163,1.429524239897905
1.0,1.0,0.052585953996304884,-0.08919364722444484,-0.2746463746356025,0,-0.4919539605914622,0.2732312961117544,-0.17052005123534825,-0.23595384682096077
0.0,1.0,-0.5544873301529852,0.08216085651713574,0.09772843680942066,0,0.4344301962828056,0.2732312961117544,-0.11099762417520398,-0.15878524920410228
0.0,0.0,-0.5544873301529852,-0.3633608532109738,0.10510057341963888,0,0.4413805083727597,0.2732312961117544,-0.26575593453157903,-0.15181218315438616
1.0,0.0,0.2013616602526098,-0.003516395353654549,-0.37949453975870623,0,-0.4920624372355543,0.2732312961117544,-0.1407588377052761,-0.2677200366030009
0.0,1.0,0.11243824961665744,0.3220571617553486,-0.4317547970622532,0,-0.4920589529983327,0.2732312961117544,-0.02766622629100199,-0.35744015310934846
1.0,1.0,-0.5544873301529852,0.2363799098845583,0.527605913814146,1,0.8397106168170173,0.2732312961117544,-0.05742743982107412,0.24782198000601155
0.0,1.0,0.5615014733282169,-0.05492274647612873,-0.18274040489488186,2,-0.49207517566313047,-2.5228356340985316,0.6330327140765991,0.08155309397611364
0.0,1.0,-0.5544873301529852,0.03075450539466157,-0.10951051456671408,0,0.23904920086520742,0.2732312961117544,-0.12885435229324718,-0.35480588371278904
0.0,0.0,0.030355101337316795,0.2363799098845583,-0.3380467494834793,2,-0.4919765817298991,0.2732312961117544,-0.05742743982107412,-0.3059944213647761
1.0,1.0,0.23419491956434604,0.7847143218576161,-0.20043353275940562,0,-0.4919982354911042,0.2732312961117544,0.13304432677138736,-0.08347613586716808
0.0,1.0,0.4715520233387727,0.6133598181160356,-0.1835595311849061,1,-0.49205765076841435,-4.014071330210684,3.437389348995966,0.04002461172447091
0.0,1.0,-0.5544873301529852,-0.1063290975986029,0.04907233518198032,3,0.38855813648910864,0.2732312961117544,-0.17647229394136266,-0.20480748513222874
1.0,1.0,0.5286682140164806,1.0931524285924612,-0.03873800310861906,3,-0.49202617256735204,0.2732312961117544,0.24018469547964708,0.20288444324117427
0.0,1.0,-0.5544873301529852,-0.14059999834691903,7.594863718885352,3,7.502588689006557,-0.6587910139583409,-0.035999366079422175,6.932513009310547
1.0,1.0,-0.5544873301529852,-0.3633608532109738,-0.19912293069536682,0,0.1545642961273211,-2.5228356340985316,0.41875197666007963,-0.4395673754726717
0.0,1.0,-0.0209468663372711,-0.037787296101970666,-0.3686820727303861,2,-0.4919661123582414,0.2732312961117544,-0.15266332311730493,-0.35821493822598355
1.0,1.0,-0.21828843532551923,-0.6203926088233447,-0.254495867901006,3,-0.49167377565808423,0.2732312961117544,-0.35503957512179535,-0.33962009542674054
0.0,1.0,-0.5544873301529852,-0.6375280591975028,-0.38899640472298747,3,-0.02444485303394083,0.2732312961117544,-0.3609918178278097,-0.6191625655086939
0.0,1.0,0.2663441526404211,-0.3633608532109738,-0.5302137771231679,0,-0.49213868373551667,0.2732312961117544,-0.26575593453157903,-0.38083866363172925
1.0,1.0,1.3689944445262303,1.2302360315857257,-0.08821323102608364,2,-0.49214449909549673,0.2732312961117544,0.28780263712776233,0.5368168285109134
0.0,1.0,-0.5544873301529852,0.13356720763960991,0.06840371562655258,0,0.406783399302766,0.2732312961117544,-0.09314089605716065,-0.18652255637963977
0.0,1.0,-0.5544873301529852,-0.5175799065783964,-0.11655500066092261,1,0.23240779153480684,0.2732312961117544,-0.3193261188857088,-0.3614690357158511
1.0,1.0,0.30054546442347974,-0.7917471125649252,-0.45927744040706797,1,-0.49211751716885493,0.2732312961117544,-0.4145620021819396,-0.2982465701984249
1.0,1.0,-0.5544873301529852,-0.5861217080750286,-0.08329847328593815,0,0.2637614216294886,0.2732312961117544,-0.3431350897097665,-0.330012759980465
0.0,1.0,-0.19879368760917582,-0.4490381050817641,-0.19289757089118253,2,-0.4916510780252545,0.2732312961117544,-0.2955171480616511,-0.2725237043261387
0.0,1.0,0.7814159080932835,3.2179482749880606,0.11951719612406565,0,-0.4920356328481331,0.2732312961117544,0.9782627910254357,0.4670861680137521
1.0,1.0,0.14800761387103836,-0.5518508073267124,-0.4771343935295966,1,-0.4920908617514502,0.2732312961117544,-0.3312306042977377,-0.38424771814492376
0.0,1.0,-0.5544873301529852,-1.0487788681772963,-0.4863086079778681,0,-0.11618897262133476,0.2732312961117544,-0.5038456427721559,-0.7112070373649467
0.0,1.0,-0.5544873301529852,-1.1173206696739284,-0.3824433944027935,0,-0.018266797842870528,2.1372759162519452,-0.6333069216279698,-0.6129642845756128
1.0,1.0,-0.5544873301529852,-0.3633608532109738,-0.2096077472076772,0,0.1446794078216086,0.2732312961117544,-0.26575593453157903,-0.4494846249656013
0.0,1.0,0.3939150455912297,-0.414767204333448,-0.717302221764706,0,-0.49222101220316417,0.2732312961117544,-0.28361266264962226,-0.5000006145702115
0.0,1.0,-0.5544873301529852,2.3783112066543155,0.6717721408584136,3,0.9756278310205638,0.2732312961117544,0.6866028984307287,0.3841841605337936
1.0,1.0,-0.5544873301529852,-0.706069860694135,-0.41094898929563733,1,-0.04514133792402633,0.2732312961117544,-0.38480078865186745,-0.6399268066345152
1.0,0.0,-0.5544873301529852,1.8128413443070996,1.571991933595062,0,1.8243381628938462,0.2732312961117544,0.49017888913225294,1.2356730037157966
0.0,0.0,0.6251159132447058,0.49341166549692916,-0.4578030130850243,0,-0.4921612813198153,-2.5228356340985316,1.0139762472615221,-0.1497977418511348
0.0,0.0,-0.04146765340710626,-0.3976317539592899,-0.4505947017328109,1,-0.49200509136471604,-2.5228356340985316,0.39494300583602204,-0.44499087128911763
0.0,0.0,0.7622631734947707,0.4077344136261389,0.8370718261853068,1,-0.4918564393355182,-2.5228356340985316,0.9544538202013778,1.1371203368798086
1.0,0.0,-0.5544873301529852,-0.8260180133132414,-0.39587706555919117,0,-0.030931810984564642,0.2732312961117544,-0.42646648759396844,-0.6256707604884288
1.0,1.0,0.041299521107895545,-1.5628423794020379,-0.5261181456730466,2,-0.4920838440389723,0.2732312961117544,-0.6824129239525887,-0.4789264593977361
1.0,0.0,-0.5544873301529852,-0.34622540283681574,-0.2027270863714735,0,0.15116636577223241,0.2732312961117544,-0.2598036918255645,-0.4429764299858663
0.0,1.0,-0.18306108418896885,-2.0426349898784637,-0.6724141010713773,2,-0.4920935080057705,-3.4548579441686273,-0.6466994677165021,-0.718954888531298
0.0,1.0,-0.5544873301529852,0.4077344136261389,0.09772843680942066,1,0.4344301962828056,0.2732312961117544,0.002094987239070026,-0.15878524920410228
0.0,1.0,-0.5544873301529852,-0.9631016163065058,-0.2954521824022184,0,0.06374688481858769,0.2732312961117544,-0.4740844292420839,-0.5306821051889625
0.0,1.0,-0.5544873301529852,-0.4490381050817641,-0.28054408392377705,0,0.07780196037827261,0.2732312961117544,-0.2955171480616511,-0.5165810160662032
0.0,1.0,-0.5544873301529852,-0.1063290975986029,-0.002041145315532749,2,0.3403693059987603,0.2732312961117544,-0.17647229394136266,-0.25315407641026055
0.0,1.0,0.1767367157688076,-1.3400815245379831,-0.49482752139412034,0,-0.4921060124207462,0.2732312961117544,-0.6050337687744011,-0.38796668670477236
0.0,1.0,0.061136281942069534,-0.020651845727812607,-0.8606493225189494,0,-0.49226521857598105,0.2732312961117544,-0.14671108041129052,-0.7863611936785538
1.0,1.0,-0.5544873301529852,-0.414767204333448,-0.19224226985916312,0,0.16105125407794488,0.2732312961117544,-0.28361266264962226,-0.4330591804929367
0.0,1.0,1.0187730118677103,0.6819016196126678,-0.4756599662075529,2,-0.4921941596545395,0.2732312961117544,0.09733087053530083,0.01166747645562532
0.0,1.0,-0.12697093286475275,-0.4490381050817641,-0.1617707718702611,3,-0.49173287271099725,0.2732312961117544,-0.2955171480616511,-0.21054089499532866
0.0,1.0,-0.5544873301529852,0.03075450539466157,-0.32379395203705735,2,0.037026796117208646,0.2732312961117544,-0.12885435229324718,-0.5574896702245379
0.0,1.0,-0.5544873301529852,-0.14059999834691903,0.38278438573785895,3,0.7031755970943637,-2.5228356340985316,0.5735102870164548,0.11083997138492138
1.0,1.0,-0.5544873301529852,-0.6889344103199769,-0.2530214405789623,2,0.10374979218076787,0.2732312961117544,-0.37884854594585304,-0.490548236147263
0.0,1.0,-0.4724041818736446,2.0013312984228384,0.437174371395469,1,-0.4871049224708596,0.2732312961117544,0.5556535588984114,0.19947538872797974
0.0,1.0,-0.0209468663372711,-0.7917471125649252,-0.41406166919772946,1,-0.49199351981000183,0.2732312961117544,-0.4145620021819396,-0.4011380336875695
1.0,0.0,-0.5544873301529852,0.5105471158710873,-0.07871136606180236,2,0.26808606026323784,0.2732312961117544,0.03780844347515668,-0.3256739633273083
0.0,1.0,-0.5544873301529852,2.3783112066543155,0.4144026605327949,0,0.7329847133912779,0.2732312961117544,0.6866028984307287,0.1407466768870372
0.0,1.0,-0.5544873301529852,-1.2201333719188767,-0.4338845254163163,0,-0.06676453109277238,-0.6587910139583409,-0.48598891465411265,-0.6616207899002987
1.0,1.0,0.04403562605054023,1.607215939817203,0.21240611741281537,2,-0.4916870919468401,-0.6587910139583409,0.6925551411367433,0.22085945794710918
0.0,1.0,-0.20221381878748168,-0.6203926088233447,-0.38522842378887595,1,-0.49182087033983557,0.2732312961117544,-0.35503957512179535,-0.4559928199453364
0.0,1.0,-0.5544873301529852,-0.1920063494693932,0.01384990471093766,0,0.3553510898371058,0.2732312961117544,-0.2062335074714348,-0.23812324514753913
0.0,1.0,-0.03873154846446157,-0.14059999834691903,-0.13441195378345122,1,-0.4918089964443284,0.2732312961117544,-0.18837677935339145,-0.144684160081343
0.0,0.0,-0.05822629618080497,0.49341166549692916,-0.04709309126686639,0,-0.49173388591841555,0.2732312961117544,0.03185620076914216,-0.07092461697767904
1.0,1.0,-0.5544873301529852,-0.431902654707606,-0.25515116893302536,0,0.10174192424367003,0.2732312961117544,-0.28956490535563667,-0.4925626774505143
1.0,1.0,-0.5544873301529852,-0.2776836013401835,-0.1630813739342999,0,0.18854359967820772,0.2732312961117544,-0.23599472100150692,-0.40547683034072624
0.0,1.0,0.4715520233387727,3.149406473491428,1.162592613840943,3,-0.4916347494063265,0.2732312961117544,0.9544538202013778,1.313306472402636
0.0,1.0,0.47599819387057035,0.8875270241025646,-0.4791002966256548,0,-0.4921510468865426,0.2732312961117544,0.16875778300747402,-0.23750341705423103
1.0,1.0,-0.5544873301529852,-0.05492274647612873,0.08707979503910543,2,0.42439085659731635,0.2732312961117544,-0.15861556582331932,-0.1688574557203589
1.0,1.0,-0.5544873301529852,-0.8945598148098737,0.27547884174468246,0,0.6020099433405874,0.2732312961117544,-0.45027545841802613,0.009343121105719944
1.0,1.0,-0.5544873301529852,-0.6889344103199769,-0.4756599662075529,0,-0.10614963293584553,2.1372759162519452,-0.5217023708901992,-0.7011348308486901
1.0,1.0,1.3792548380611478,0.8875270241025646,0.13868475131063304,2,-0.49210738014544836,-2.5228356340985316,1.2877794117381858,0.7560810165186539
1.0,1.0,-0.5544873301529852,-1.1173206696739284,-0.2037100379195026,0,0.15023965749357188,0.2732312961117544,-0.5276546135962137,-0.44390617212582845
0.0,0.0,-0.5544873301529852,2.087008550293629,0.5562753339649946,2,0.8667396082779498,0.2732312961117544,0.5854147724284836,0.27493945908824097
1.0,1.0,0.2861809134745951,0.4077344136261389,-0.47582379146555775,0,-0.4921211185721019,0.2732312961117544,0.002094987239070026,-0.32040542453418946
0.0,1.0,0.12372468250506677,0.06502540614297769,-0.47402171362750445,1,-0.49208268269868694,-2.5228356340985316,0.716364111960801,-0.3923054833579291
0.0,1.0,0.41682992448587897,-0.38049630358513187,-0.5816549081366906,0,-0.49217734376220723,0.2732312961117544,-0.27170817723759344,-0.3613140786925241
0.0,1.0,0.006414183089175776,-0.431902654707606,-0.32838105926119315,1,-0.49195816754540456,-2.5228356340985316,0.3711340350119644,-0.30769894862137337
0.0,0.0,0.5180658073637324,-0.14059999834691903,-0.39210908462507965,0,-0.49212988389092754,0.2732312961117544,-0.18837677935339145,-0.1361615237983566
1.0,1.0,0.2058078307844074,0.2363799098845583,-0.456000935246971,0,-0.4920961297630741,0.2732312961117544,-0.05742743982107412,-0.3380705251934703
0.0,1.0,-0.5544873301529852,-0.414767204333448,-0.13441195378345122,0,0.2155725911391403,0.2732312961117544,-0.28361266264962226,-0.37835935125849685
0.0,1.0,0.11243824961665744,-0.4833090058300802,-0.355739877348003,0,-0.49202222032779636,0.2732312961117544,-0.30742163347368,-0.2855400942856088
1.0,1.0,-0.5544873301529852,1.881383145803732,0.47993276373473476,2,0.7947652653019809,0.2732312961117544,0.5139878599563106,0.20272948621784725
0.0,1.0,-0.5544873301529852,0.9560688255991968,0.061686880048353744,2,0.400450892731919,0.2732312961117544,0.19256675383153163,-0.1928757943360478
1.0,1.0,-0.04728187641022622,-0.20914179984355127,-0.26039357718918055,0,-0.491881129842383,-0.6587910139583409,-0.06457013106829147,-0.2677200366030009
0.0,1.0,-0.10987027697322346,-0.4833090058300802,0.13868475131063304,2,-0.4915360984241614,0.2732312961117544,-0.30742163347368,0.08139813695278661
0.0,1.0,-0.5544873301529852,-1.1344561200480865,-0.3391935262895132,0,0.022508366418193444,0.2732312961117544,-0.533606856302228,-0.5720556304172781
0.0,1.0,0.14800761387103836,1.2816423827082,0.08511389194304723,0,-0.4918329166733997,0.2732312961117544,0.3056593652458057,0.1475647859134263
0.0,1.0,-0.5544873301529852,0.8875270241025646,0.6429388954495601,0,0.9484443881798545,-2.5228356340985316,1.2877794117381858,0.3569117244282372
0.0,1.0,-0.20768602867277106,0.2363799098845583,1.8219892773104625,2,-0.4897634921798959,0.2732312961117544,-0.05742743982107412,1.6292638429664401
0.0,1.0,-0.11431644750502108,-0.6203926088233447,-0.29577983291822807,0,-0.49184662580597155,0.2732312961117544,-0.35503957512179535,-0.33156233021373527
0.0,1.0,0.21504218496583322,0.7504434211093001,0.4384849734595078,1,-0.4917236767142135,0.2732312961117544,0.12113984135935855,0.5121786618019164
0.0,1.0,1.0351896415235784,0.442005314374455,0.021058216063151045,2,-0.4920942955347783,0.2732312961117544,0.01399947265109895,0.4889351083028626
1.0,1.0,-0.4717201556379834,-0.4833090058300802,-0.28316528805185465,2,-0.4899422436095105,0.2732312961117544,-0.30742163347368,-0.4815607287942955
0.0,1.0,0.1866550961858946,-0.5518508073267124,-0.4620624697931504,0,-0.4920940658122579,0.2732312961117544,-0.3312306042977377,-0.35248152836288366
0.0,1.0,1.3693364576440608,3.063729221620638,0.09035630019920242,1,-0.4921145989140758,0.2732312961117544,0.9246926066713058,0.7058749409606977
0.0,1.0,-0.5544873301529852,0.13356720763960991,0.056116821276188854,2,0.3951995458195092,-4.014071330210684,2.7231202242742354,-0.19814433312916666
1.0,1.0,-0.5544873301529852,0.4077344136261389,0.4800965889927396,0,0.7949197166817576,0.2732312961117544,0.002094987239070026,0.20288444324117427
1.0,1.0,-0.19845167449134524,-0.6546635095716608,-0.5800166555566422,0,-0.492001937540384,0.2732312961117544,-0.3669440605338242,-0.6385321934245719
1.0,1.0,0.5652636176243533,1.2131005812115676,-0.23106885600631247,0,-0.4920897695962282,0.2732312961117544,0.2818503944217479,0.03754529935123851
1.0,1.0,-0.5544873301529852,0.47627621512277113,1.0806799848385182,0,1.3611384749433504,0.2732312961117544,0.025903958063127754,0.7709568907580483
0.0,1.0,-0.5544873301529852,-0.3976317539592899,-0.28447589011589347,1,0.07409512726363043,-2.5228356340985316,0.39494300583602204,-0.5202999846260518
0.0,1.0,0.14082533839659606,-0.4490381050817641,-0.5161248049347508,0,-0.49210700127713103,0.2732312961117544,-0.2955171480616511,-0.4243815871866233
0.0,1.0,-0.1676704938865925,0.8532561233542484,-0.011543010279814025,1,-0.49155044173432094,0.2732312961117544,0.1568532975954452,-0.08688519038036263
1.0,1.0,-0.5544873301529852,-1.0659143185514541,-0.36540556757028914,3,-0.002203854346087752,0.2732312961117544,-0.5097978854781704,-0.5968487541496021
0.0,1.0,-0.5544873301529852,-0.14059999834691903,2.429453333992445,0,2.6327366846453946,0.2732312961117544,-0.18837677935339145,2.046718063809446
0.0,1.0,-0.5544873301529852,-0.14059999834691903,2.4184770417061197,0,2.622388442200352,2.1372759162519452,-0.37884854594585304,2.0363359432465353
1.0,1.0,0.6565811200851197,-0.08919364722444484,-0.5970544823891465,0,-0.49220137995621827,0.2732312961117544,-0.17052005123534825,-0.2672551655330198
0.0,1.0,2.1381819465272183,4.177533495940912,0.6421197691595358,2,-0.4920952083348564,-0.6587910139583409,1.7639588282193395,1.5761135839652707
1.0,1.0,0.16989645341219586,-0.5518508073267124,-0.4756599662075529,0,-0.4920958603629011,0.2732312961117544,-0.3312306042977377,-0.37293585544205093
0.0,1.0,-0.5544873301529852,-0.003516395353654549,-0.17192793786656177,2,0.18020322517026283,0.2732312961117544,-0.1407588377052761,-0.41384450960038555
0.0,1.0,0.058742190117255434,-0.32908995246265765,-0.16701318012641628,1,-0.4919006493515735,0.2732312961117544,-0.2538514491195501,-0.13135785607521883
0.0,1.0,0.478734298813215,0.01361905502050351,-0.36540556757028914,0,-0.492115913539873,0.2732312961117544,-0.1348065949992617,-0.1287235866786594
0.0,0.0,0.01462249791710984,-1.1344561200480865,-0.4024300758793852,3,-0.4920047080737139,-2.5228356340985316,-0.11694986688121839,-0.3740205546053401
1.0,1.0,-0.5544873301529852,-1.579977829776196,-0.2027270863714735,0,0.15116636577223241,0.2732312961117544,-0.688365166658603,-0.4429764299858663
0.0,0.0,-0.5544873301529852,-0.5518508073267124,0.369678365097471,0,0.690819486712223,0.2732312961117544,-0.3312306042977377,0.09844340951875936
1.0,1.0,0.08678726577936348,-0.6717989599458188,-0.5780507524605839,2,-0.4921237133281222,0.2732312961117544,-0.37289630323983863,-0.5074385516899087
0.0,1.0,-0.16938055947574543,1.5215386879464128,0.9851698594216909,2,-0.49071342274782687,0.2732312961117544,0.38899076313000763,0.8550985544246229
0.0,1.0,-0.5544873301529852,-1.8198741350144088,-0.35492075105797877,0,0.0076810339596247255,0.2732312961117544,-0.7716965645428051,-0.5869315046566725
1.0,1.0,-0.5544873301529852,-0.14059999834691903,0.7607292559550469,0,1.059494930239343,-1.5908133240284363,0.19256675383153163,0.4683258242003683
0.0,1.0,-0.5544873301529852,-0.14059999834691903,1.35099166054652,0,1.6159832515750003,0.2732312961117544,-0.18837677935339145,1.0266359792476396
